claimant_first_name,claimant_last_name,claimant_birth_date,claimant_hire_date,claimant_age,claimant_gender,claimant_vehicle_id
Mayne,Jeaves,3/1/1947,4/19/2004,75,Female,0fa2eb27-9e6b-4d7b-8355-8faa8a3db097
Hamlin,Asling,9/5/1965,1/27/1987,57,Male,742ca2ba-17c8-4f33-9ce0-8fd2c8aed641
Editha,Speirs,4/15/1972,7/7/2015,50,Female,38bab8fc-bdc5-4038-b127-0cc6dc801dd2
Alix,Rothon,1/3/1948,12/20/2017,74,Male,c6f042ca-36fd-49bb-abc9-371c66f969e6
Alyda,Sleany,2/4/1942,10/19/1998,80,Male,eb7e23a9-7d13-4e66-a232-432b657bc051
Nike,Allsep,2/8/1993,8/2/2005,29,Female,1aa37a15-fdb4-4a45-a002-d1a9f1586fef
Wyatan,Moxom,10/29/1985,4/25/2011,37,Female,8dae4ed2-ef8d-47d3-92fa-bfa8d0955f89
Alejandro,Thiese,2/26/1997,1/19/2012,25,Male,7236d9a0-39ea-4715-a1ff-285acc4c0e8e
Otho,Kirrage,7/29/1975,6/3/2007,47,Male,949d5e10-67fb-4038-88c9-bbed8e0fe38a
Jade,Hymus,7/1/1946,6/13/2011,76,Male,8f2ff065-398b-4672-b1ea-cdd858dfd2d5
Gisele,Ratnege,9/9/1991,7/12/2007,31,Female,2f74e474-7563-4fab-a21f-fce58566cfb5
Caria,Babington,7/14/1973,5/15/2000,49,Female,974cd578-dade-4b7f-a484-9e17b178d67a
Josee,Medforth,6/15/1967,7/18/2016,55,Male,b685d635-6806-45fc-ab77-4ed3ee2663e5
Paxon,Hadenton,10/13/1995,3/4/2017,27,Female,89768b5c-d096-4282-8a5b-e5fd47ad6a7a
Christel,O'Harney,10/3/1993,10/6/2010,29,Male,7d87a178-a04b-4b79-8d4d-291defc61569
Lisabeth,Sydney,3/17/1951,1/1/2001,71,Female,9ad94af7-70b9-406a-8938-8839f4f5cf58
Ferrell,Redgewell,12/21/1968,2/21/2003,54,Female,01cec2db-04eb-417d-9e1f-658f64500c0f
Everett,Eve,10/5/2000,3/27/2003,22,Female,58477d12-e13a-42c5-9bb4-72dae513274d
Storm,Boots,8/2/1987,9/9/2019,35,Female,b73fa396-6b3a-4bb4-959e-9db39281a884
Spencer,Hulse,10/5/1969,9/1/1973,53,Female,b31e4988-12ed-46a9-a92d-aaa3d0e81a48
Grady,Durbann,5/26/1987,9/27/2006,35,Female,0ba519fb-1139-4986-8a71-05f4d9db99d2
Enrico,Verrills,9/1/1965,6/19/2011,57,Female,e7f4be28-db51-458e-8518-34a8badb4072
Wandis,Tixier,6/6/1993,8/15/2013,29,Male,e5b0d567-a2a5-4aa0-8587-476d445d4668
Bonni,Cobby,8/5/1996,7/28/2009,26,Male,fb368e46-b14c-4c77-9491-f97dcd903dc1
Xever,Abarough,2/14/1978,5/5/2014,44,Male,e3d03d3f-2398-4523-a021-f7f8522e3a01
Barde,Piser,2/5/1988,9/16/2009,34,Male,7609620a-1030-4196-bd04-fcc9804de463
Tanney,Anten,4/29/1998,9/8/1999,24,Female,464f9e66-8303-41a3-b40b-3ba4b426cc8b
Zilvia,Niessen,10/28/1946,3/17/2013,76,Female,89c79792-ea98-4e41-82d1-c72c738ffb0c
Fonz,Emlyn,11/18/1991,3/17/2008,31,Male,cf7579b2-5af1-415d-ba3d-9674418579c7
Jonas,Canto,3/2/1970,6/19/2006,52,Male,b97d82ce-e658-475b-8d81-81ed42151c89
Nathanial,Timbridge,11/27/1986,3/11/2005,36,Female,4096589b-76cf-4630-a3e2-4406774ae426
Daisie,Beecroft,10/28/1951,10/1/1999,71,Female,8adb6c3b-3eca-4740-ba2e-54951c60e330
Reinhold,Brittan,8/30/1978,8/4/2013,44,Male,aa775c6e-574f-4642-b396-8961ceab8af4
Konstance,Creany,5/22/1948,4/2/2001,74,Male,2d4d56fe-a3ee-4a03-adbf-67a65cba317a
Matty,Renehan,7/19/1978,5/1/2007,44,Male,99238973-bb31-42d9-affd-a7b3a3882136
Mattie,Hampshaw,8/3/1944,12/12/2016,78,Male,1b56baa8-ae7f-4d07-ab4e-f4f72ba3eec4
Orsola,Mariner,12/27/1989,4/14/2014,33,Female,b8499a66-5d1f-4a05-ac17-35aed5c81fe4
Cathee,Ommanney,8/26/1976,8/5/2019,46,Male,6d15e2cd-6cfc-44be-9d58-ed83004c35c3
Branden,Bartell,12/19/1994,1/5/2017,28,Male,ff341704-0b0d-4ef9-985b-31e72aae0862
Kane,Habbin,8/25/1945,1/28/2016,77,Male,e5986929-9dd5-47cc-bc92-63b266a99fe4
Dacie,Thatcham,5/11/1952,6/9/2014,70,Male,a8796ae6-3f72-412f-94c4-87b0b6a775aa
Robinet,Tansley,3/16/1975,7/31/2011,47,Female,5da4fc60-a9c1-400a-9720-7c09ee8e7811
Alasteir,Thal,4/16/1978,10/23/1995,44,Female,bab5353b-5586-4016-890d-a417eff339b1
Merill,Thurlbeck,12/24/1959,1/19/2018,63,Female,6ea8aada-89a8-408b-9d94-fa021c9c2af8
Clarine,Cronshaw,3/17/1978,6/4/2014,44,Male,926520c0-04c7-4bd6-9d2c-222572276982
Bree,Vondruska,12/14/1966,11/12/2012,56,Male,a53d5e63-37ea-4bba-8b89-b5968deab1dc
Josi,Meehan,6/10/2001,8/24/2016,21,Female,afc3880e-451e-4840-9cb1-5844c1dd24c4
Letta,Mattea,8/2/1972,8/3/2016,50,Female,8b4dca84-3e73-452e-966f-3e53386297fb
Zacharie,Kohlert,8/14/1946,11/8/1982,76,Male,19a00ace-0d3a-4063-80d6-0b4459c2fa1f
Angela,Piotrowski,12/26/1942,11/13/2007,80,Female,700d6f06-3a7e-4458-b14d-373d4abcb5ad
Elsey,Brundale,1/9/1971,1/3/2005,51,Male,0a6055be-5c67-4ea8-8572-50ff384dcdee
Trina,Mumbey,10/12/1973,3/4/2015,49,Male,48ef1c94-922f-4fc6-9cec-9462c9ceb01b
Thedrick,Balharrie,6/18/1981,12/15/2014,41,Female,f1e933d6-acba-41c2-af4e-b2369453e023
Kayle,Nockalls,1/19/1984,7/24/2016,38,Female,fb033e23-4c00-417e-892a-e1b1d597e827
Maryjo,Aland,12/24/1981,8/4/2015,41,Male,9a6085cf-0f50-4afd-b6e0-198568d26a1f
Kamila,Glabach,3/27/1942,2/2/2015,80,Male,a48e8a7d-3603-422e-8f5d-ef0f562a55af
Alexandros,Aslum,5/17/1959,3/30/2015,63,Female,fd0ea0eb-83cf-4d73-b8a1-fac2b36c7064
Cindy,MacAleese,2/18/1957,4/8/2019,65,Male,7d541389-98fd-4acf-81cb-9e8e2d89e76e
Kellyann,Freke,6/27/1998,6/29/2008,24,Female,318f6559-0d7f-47cd-a81e-cb6a68ab55d2
Bellanca,De Coursey,7/26/1968,8/7/2007,54,Male,1f37d596-c750-47ca-ac84-1e2e68f14261
Janina,Matkovic,4/8/1945,11/20/2014,77,Female,5bff9f7c-2f10-4162-abf8-58985c2288a0
Bonnibelle,Feasey,11/15/1982,2/3/2014,40,Female,2811b398-cf24-47c6-b3f2-6ef335b1642d
Ros,Abramowsky,8/8/1978,3/26/2010,44,Female,24741196-4a3d-401c-8173-a2f938a14462
Kizzee,Gove,3/29/1992,10/14/2013,30,Male,2256a071-a87a-4c31-910d-19324cb8263e
Micheal,Paynes,12/2/1973,3/29/2017,49,Female,864d452a-3401-465f-9d58-feefb69fd11e
Gage,MacCaull,12/30/1946,2/20/2017,76,Female,8cf01848-3ce6-4787-b967-d14947a90707
Cordey,Djekic,7/12/1947,12/10/2007,75,Female,7a6b5925-c9d7-4368-9475-dee9ef4bf4c5
Christine,Firmage,11/26/1949,3/2/2018,73,Female,a29b34e7-57f3-486e-ae99-a897e44da6a0
Katleen,Dugall,11/6/1947,6/22/2018,75,Female,f7acfddc-08e1-40d3-b47c-62b469a8cf6b
Orlando,Smissen,12/16/1947,11/15/1999,75,Male,8ba09b70-a04f-4c6e-9716-c4025138ed5c
Aldin,Balsillie,4/14/1952,8/3/2010,70,Male,65f60deb-eab1-45fb-a6bd-2731953535cd
Gaelan,Warham,1/5/1999,12/30/1991,23,Male,bfdbaeaf-c5e8-4023-847a-050707f6cb97
Barnebas,Duthie,11/20/1970,11/17/2014,52,Female,be215fe8-86c3-48b2-abbb-6aa8c2207757
Vivien,Luety,9/16/1957,7/23/2012,65,Female,f0c5b5cb-ce74-4237-b3e5-db89ad109ece
Morna,Embery,10/28/1947,4/3/2018,75,Female,f7ab43e2-2f0b-4f88-b8e6-14c77e93cfc9
Dasie,Westwood,10/25/1950,8/13/2007,72,Male,34a48c51-499d-4648-95a3-a381174a9fc3
Page,Santostefano.,4/17/1967,5/9/2007,55,Male,1be718fb-816c-4116-bb52-2e6d1c6eb9de
Cathleen,Lait,9/27/1978,10/3/2012,44,Male,0f326ef1-7bce-465b-b2a3-4593b153f636
Kippar,Feldbau,6/5/1957,9/25/2017,65,Male,07840219-1451-47b9-9206-3e387d4b5a39
Gabriello,Medeway,5/18/1978,8/13/2007,44,Female,e4a6ab2e-55a7-48dc-83d7-ff40fb7f56c4
Bertram,Laight,3/23/1944,6/8/2017,78,Female,f5be8466-5514-44db-8822-3107936c861b
Gabriela,Skeldinge,9/15/1943,10/17/2011,79,Female,988f17dc-09d2-4069-9e72-9a85201803cf
Junette,Whiteoak,7/17/1951,5/3/2016,71,Male,4785b30b-d820-429a-bbb1-bb0ec104abfe
Rupert,Cargon,6/22/1945,6/28/2018,77,Male,8da92fb3-fc57-4810-afb5-020067d9ba86
Kalila,Baudacci,6/28/1969,2/1/2018,53,Male,08855058-dff6-4f2f-bd42-5fb3596223e5
Rafaelia,Rutherfoord,4/9/2001,7/5/2013,21,Female,4303a0a5-4d29-4136-8457-bc9ac0f10c09
Rockwell,Portch,3/6/1950,10/5/2007,72,Female,cb6eef45-749c-437d-86e5-488b15eeec91
Wilfred,Siaskowski,11/10/2000,1/13/2000,22,Male,66105a22-b1c3-417b-af9d-0a9186ce530f
Ryun,Kneel,1/17/1986,1/17/2012,36,Female,d0d0b823-c9da-4a6f-9951-6bc6fe59fa32
Eugenio,March,7/24/1967,2/12/2010,55,Male,d690625a-aa6c-4f4c-9d33-9d672fe0b1fe
Rheba,Ziems,2/17/2001,2/1/2012,21,Female,61c41d71-a8bc-4a61-a3d9-2c3ff05d3c7b
Baxter,Charrette,12/13/1989,10/26/2015,33,Male,e8d848cd-587e-4983-a68e-df6b2fb2c1b8
Elias,Dicken,12/5/1950,4/1/2013,72,Male,d9431c64-d33d-4ff7-b22b-1075f8747a5d
Ali,Freeland,8/9/1989,4/28/2011,33,Female,01aeb30f-d2c3-414b-945c-ebb6b3cebca9
Aldous,Chazelle,7/23/1967,5/23/2014,55,Female,e879944f-d5ee-4f74-8c60-85acb3895ab1
Margaretha,Tyreman,2/22/1985,7/24/2019,37,Female,71f3a1d4-b88d-49ff-8672-96ce9d127f8a
Ted,Grishankov,6/22/1973,6/28/2018,49,Male,e90a6690-6de6-4422-ab6e-57ec5fb73ed3
Mick,Reasun,12/17/1948,11/12/2018,74,Male,6157193c-16b2-40fb-9ad6-dc60dbed479f
Donny,Espadater,12/24/1950,8/13/2012,72,Female,c9ec896c-f24d-441e-b797-cdaf0da16680
Glynn,Howsam,5/18/1999,1/8/2019,23,Female,2c242b60-64bc-42e6-a40d-038a7d45c749
